{"cameraMode":{"drawMode":0,"name":"Shaded","section":"Shading Mode"},"sceneLighting":true,"audioPlay":false,"sceneViewState":{"showFog":true,"showMaterialUpdate":false,"showSkybox":true,"showFlares":true,"showImageEffects":true,"showParticleSystems":true},"in2DMode":false,"pivot":{"x":548.0822143554688,"y":179.0467529296875,"z":643.6560668945313},"rotation":{"x":-0.17223094403743745,"y":0.11554724723100662,"z":-0.020347775891423227,"w":-0.9780446290969849},"size":1499.4212646484375,"orthographic":false}