{"cameraMode":{"drawMode":0,"name":"Shaded","section":"Shading Mode"},"sceneLighting":true,"audioPlay":false,"sceneViewState":{"showFog":true,"showMaterialUpdate":false,"showSkybox":true,"showFlares":true,"showImageEffects":true,"showParticleSystems":true},"in2DMode":false,"pivot":{"x":0.7640186548233032,"y":1.504906177520752,"z":1.3279294967651368},"rotation":{"x":-0.2747785449028015,"y":0.01586398296058178,"z":-0.00453425757586956,"w":-0.9613659977912903},"size":14.005253791809082,"orthographic":false}