{"cameraMode":{"drawMode":0,"name":"Shaded","section":"Shading Mode"},"sceneLighting":true,"audioPlay":false,"sceneViewState":{"showFog":true,"showMaterialUpdate":false,"showSkybox":true,"showFlares":true,"showImageEffects":true,"showParticleSystems":true},"in2DMode":false,"pivot":{"x":0.13336288928985597,"y":5.726825714111328,"z":-4.630336761474609},"rotation":{"x":-0.30599167943000796,"y":0.04852626845240593,"z":-0.015619130805134774,"w":-0.9506683945655823},"size":21.74488067626953,"orthographic":false}