{"cameraMode":{"drawMode":0,"name":"Shaded","section":"Shading Mode"},"sceneLighting":true,"audioPlay":false,"sceneViewState":{"showFog":true,"showMaterialUpdate":false,"showSkybox":true,"showFlares":true,"showImageEffects":true,"showParticleSystems":true},"in2DMode":false,"pivot":{"x":0.32150745391845705,"y":4.9258856773376469,"z":-2.5486974716186525},"rotation":{"x":-0.34114521741867068,"y":0.14913083612918855,"z":-0.054912663996219638,"w":-0.9264796376228333},"size":7.464471817016602,"orthographic":false}